{
  "detector_name": "multi_channel_delta_kuramoto",
  "n_events": 289,
  "n_nulls": 127,
  "score_mean_events": 0.687027,
  "score_mean_nulls": 0.682812,
  "target_false_alarm": 0.1,
  "matched_threshold": 0.7324030000000001,
  "achieved_false_alarm": 0.09448818897637795,
  "detection_rate": 0.06228373702422145,
  "n_events_alarmed": 18,
  "p_value": 0.9133086691330867,
  "beats_chance": false,
  "permutation_seed": 42,
  "n_permutations": 10000,
  "corpus_id": "cap-brux2-multichannel-n3-vs-wake",
  "captured_at": "2026-07-08T22:00:00Z",
  "audit_content_hash": "eed2d7fda5b1f19d01e4b7a04a57d72c10c0b2a5f5e0de12655a323230aa9e8f"
}
