{
  "detector_name": "snr_weighted_delta_kuramoto",
  "n_events": 289,
  "n_nulls": 127,
  "score_mean_events": 0.686905,
  "score_mean_nulls": 0.686459,
  "target_false_alarm": 0.1,
  "matched_threshold": 0.7398660000000001,
  "achieved_false_alarm": 0.09448818897637795,
  "detection_rate": 0.04498269896193772,
  "n_events_alarmed": 13,
  "p_value": 0.9841015898410159,
  "beats_chance": false,
  "permutation_seed": 42,
  "n_permutations": 10000,
  "corpus_id": "cap-brux2-multichannel-n3-vs-wake",
  "captured_at": "2026-07-08T22:00:00Z",
  "audit_content_hash": "8d396df69c914a5138e47c9e50f6810b5766098ada5dc5cffa82e7d423002d5b"
}
