{
  "detector_name": "normalized_delta_envelope",
  "n_events": 289,
  "n_nulls": 127,
  "score_mean_events": 0.756578,
  "score_mean_nulls": 0.465148,
  "target_false_alarm": 0.1,
  "matched_threshold": 0.6941240000000001,
  "achieved_false_alarm": 0.09448818897637795,
  "detection_rate": 0.9134948096885813,
  "n_events_alarmed": 264,
  "p_value": 9.999000099990002e-05,
  "beats_chance": true,
  "permutation_seed": 42,
  "n_permutations": 10000,
  "corpus_id": "cap-brux2-multichannel-n3-vs-wake",
  "captured_at": "2026-07-08T22:00:00Z",
  "audit_content_hash": "7b75e93aa95912a851bbe1c23556701b15821f2a69052e34a5720d841cfdf2b3"
}
