{
  "detector_name": "plv_kuramoto_seizure",
  "n_events": 9,
  "n_nulls": 600,
  "score_mean_events": 0.38501,
  "score_mean_nulls": 0.363635,
  "target_false_alarm": 0.1,
  "matched_threshold": 0.3864580000000001,
  "achieved_false_alarm": 0.1,
  "detection_rate": 0.3333333333333333,
  "n_events_alarmed": 3,
  "p_value": 0.05469453054694531,
  "beats_chance": false,
  "permutation_seed": 42,
  "n_permutations": 10000,
  "corpus_id": "chbmit-chb01_26-preictal-vs-interictal",
  "captured_at": "2026-07-14T15:11:17Z",
  "audit_content_hash": "596192032b5be4f54216b9a3ed0f83d12c8b43a0c4f6bcf17c44a0ce0c875550",
  "auc": 0.794074,
  "preictal_score_mean": 0.38501,
  "interictal_score_mean": 0.363635
}
