{
  "detector_name": "plv_kuramoto_seizure",
  "n_events": 9,
  "n_nulls": 600,
  "score_mean_events": 0.38501,
  "score_mean_nulls": 0.363635,
  "target_false_alarm": 0.1,
  "matched_threshold": 0.3864580000000001,
  "achieved_false_alarm": 0.1,
  "detection_rate": 0.3333333333333333,
  "n_events_alarmed": 3,
  "p_value": 0.05469453054694531,
  "beats_chance": false,
  "permutation_seed": 42,
  "n_permutations": 10000,
  "corpus_id": "chbmit-chb01_26-preictal-vs-interictal",
  "captured_at": "2026-07-14T12:54:03Z",
  "audit_content_hash": "21d2d74822cf8feffa54096d16ed5a2e7ad080e39dcc98f832efa1d9682d9b30",
  "auc": 0.794074,
  "preictal_score_mean": 0.38501,
  "interictal_score_mean": 0.363635
}
