{
  "detector_name": "mean_kuramoto_seizure",
  "n_events": 9,
  "n_nulls": 600,
  "score_mean_events": 0.336524,
  "score_mean_nulls": 0.307341,
  "target_false_alarm": 0.1,
  "matched_threshold": 0.32871600000000006,
  "achieved_false_alarm": 0.1,
  "detection_rate": 0.7777777777777778,
  "n_events_alarmed": 7,
  "p_value": 9.999000099990002e-05,
  "beats_chance": true,
  "permutation_seed": 42,
  "n_permutations": 10000,
  "corpus_id": "chbmit-chb01_26-preictal-vs-interictal",
  "captured_at": "2026-07-14T12:00:18Z",
  "audit_content_hash": "93bb8db583c97e0cd01eafc0d72dd0ffc873f52ac6e596fd5937dd7c9e726f42",
  "auc": 0.929074,
  "preictal_score_mean": 0.336524,
  "interictal_score_mean": 0.307341
}
