{
  "detector_name": "topk15_plv_kuramoto_seizure",
  "n_events": 9,
  "n_nulls": 600,
  "score_mean_events": 0.433897,
  "score_mean_nulls": 0.385784,
  "target_false_alarm": 0.1,
  "matched_threshold": 0.41882800000000003,
  "achieved_false_alarm": 0.1,
  "detection_rate": 0.7777777777777778,
  "n_events_alarmed": 7,
  "p_value": 9.999000099990002e-05,
  "beats_chance": true,
  "permutation_seed": 42,
  "n_permutations": 10000,
  "corpus_id": "chbmit-chb01_26-preictal-vs-interictal",
  "captured_at": "2026-07-14T15:11:17Z",
  "audit_content_hash": "2234070f15a838c2bbaed09fdd2a1747861d53ca1d6f930ec9ece78509ec7745",
  "auc": 0.937593,
  "preictal_score_mean": 0.433897,
  "interictal_score_mean": 0.385784
}
