{
  "detector_name": "multi_channel_delta_kuramoto",
  "n_events": 321,
  "n_nulls": 39,
  "score_mean_events": 0.628552,
  "score_mean_nulls": 0.604416,
  "target_false_alarm": 0.1,
  "matched_threshold": 0.6607930000000001,
  "achieved_false_alarm": 0.07692307692307693,
  "detection_rate": 0.23052959501557632,
  "n_events_alarmed": 74,
  "p_value": 0.0170982901709829,
  "beats_chance": true,
  "permutation_seed": 42,
  "n_permutations": 10000,
  "corpus_id": "cap-n1-multichannel-n3-vs-wake",
  "captured_at": "2026-07-08T22:00:00Z",
  "audit_content_hash": "52db1dcb9c5f46523deefaf47a11c0a4f848c6d22fed7a245c848171e6634352"
}
