{
  "detector_name": "snr_weighted_delta_kuramoto",
  "n_events": 321,
  "n_nulls": 39,
  "score_mean_events": 0.628688,
  "score_mean_nulls": 0.604584,
  "target_false_alarm": 0.1,
  "matched_threshold": 0.6642920000000001,
  "achieved_false_alarm": 0.07692307692307693,
  "detection_rate": 0.21806853582554517,
  "n_events_alarmed": 70,
  "p_value": 0.024997500249975,
  "beats_chance": true,
  "permutation_seed": 42,
  "n_permutations": 10000,
  "corpus_id": "cap-n1-multichannel-n3-vs-wake",
  "captured_at": "2026-07-08T22:00:00Z",
  "audit_content_hash": "c5da64619849a85cb68435769efa80757918e46d1527fe8bdf4bd4eb9948deab"
}
