{
  "detector_name": "normalized_delta_envelope",
  "n_events": 321,
  "n_nulls": 39,
  "score_mean_events": 0.762208,
  "score_mean_nulls": 0.701798,
  "target_false_alarm": 0.1,
  "matched_threshold": 0.7791120000000001,
  "achieved_false_alarm": 0.07692307692307693,
  "detection_rate": 0.38006230529595014,
  "n_events_alarmed": 122,
  "p_value": 9.999000099990002e-05,
  "beats_chance": true,
  "permutation_seed": 42,
  "n_permutations": 10000,
  "corpus_id": "cap-n1-multichannel-n3-vs-wake",
  "captured_at": "2026-07-08T22:00:00Z",
  "audit_content_hash": "ce4ecc10453673da472bcdc8ff508d40dcd371f8cfc03e8146764a4c58d0931a"
}
