{
  "detector_name": "normalized_delta_envelope",
  "n_events": 220,
  "n_nulls": 1997,
  "score_mean_events": 0.815512,
  "score_mean_nulls": 0.587745,
  "target_false_alarm": 0.1,
  "matched_threshold": 0.6721510000000002,
  "achieved_false_alarm": 0.09964947421131698,
  "detection_rate": 0.9954545454545455,
  "n_events_alarmed": 219,
  "p_value": 9.999000099990002e-05,
  "beats_chance": true,
  "permutation_seed": 42,
  "n_permutations": 10000,
  "corpus_id": "sleepedf-SC4001E0-kuramoto-variants",
  "captured_at": "2026-07-10T00:00:00Z",
  "audit_content_hash": "57305e9e49de09a5346671c8d285cd0ad5a1c3ab5632796e5175e233491cfac5"
}
