{
  "detector_name": "coherent_sustained_kuramoto",
  "n_events": 220,
  "n_nulls": 1997,
  "score_mean_events": 4.821983,
  "score_mean_nulls": 4.027024,
  "target_false_alarm": 0.1,
  "matched_threshold": 5.811946000000001,
  "achieved_false_alarm": 0.09964947421131698,
  "detection_rate": 0.2681818181818182,
  "n_events_alarmed": 59,
  "p_value": 9.999000099990002e-05,
  "beats_chance": true,
  "permutation_seed": 42,
  "n_permutations": 10000,
  "corpus_id": "sleepedf-SC4001E0-kuramoto-variants",
  "captured_at": "2026-07-10T00:00:00Z",
  "audit_content_hash": "623ec5fde13e7bc0188e055bd7f97e91eb8c2e4ae57df27fa891860a20385fdf"
}
