{
  "detector_name": "multi_channel_delta_kuramoto",
  "n_events": 289,
  "n_nulls": 127,
  "score_mean_events": 0.687027,
  "score_mean_nulls": 0.682812,
  "target_false_alarm": 0.1,
  "matched_threshold": 0.7324030000000001,
  "achieved_false_alarm": 0.09448818897637795,
  "detection_rate": 0.06228373702422145,
  "n_events_alarmed": 18,
  "p_value": 0.9133086691330867,
  "beats_chance": false,
  "permutation_seed": 42,
  "n_permutations": 10000,
  "corpus_id": "cap-brux2-kuramoto-variants",
  "captured_at": "2026-07-10T00:00:00Z",
  "audit_content_hash": "37b7697d0e1d343bee829654dca377c50d1399eb500cf62e6664db82b2a60031"
}
