{
  "acceptance_passed": 1,
  "acceptance_thresholds_json": "{\"backend_order\": [\"rust\", \"mojo\", \"julia\", \"go\", \"python\"], \"max_abs_error\": 1e-12, \"production_timing_claim\": false, \"require_all_declared_backend_records\": true, \"require_execution_disabled\": true, \"require_first_lock_observed\": true, \"require_hash_chain\": true, \"require_lock_loss_observed\": true, \"require_non_actuating\": true, \"require_python_reference\": true}",
  "all_available_passed": 1,
  "available_backend_count": 5,
  "backend_count": 5,
  "backend_records_json": "[{\"backend\": \"rust\", \"max_abs_error\": 0.0, \"ms_per_call\": 1.206038985401392, \"parity_passed\": true, \"payload_sha256\": \"6e273a694a3d46965106f9756e76a1fa96ea331533b512792928c3c285c2061b\", \"sample_records_sha256\": \"4cf0e018e5c7f926cbf2cb1630e8a93276a2c8b7aceb1c22a1b6de8a5d3bd4a8\", \"status\": \"available\", \"timeline_sha256\": \"af5b17e18732316e29c108f5a0c23056330360a93c911f36e52a99b1ea2633bd\", \"tolerance\": 1e-12, \"transition_table_sha256\": \"b75d273e260e737ec8cf2ad6873160d591da03d32f22afe8ded13ebe8b8e9c83\", \"unavailable_reason\": \"\"}, {\"backend\": \"mojo\", \"max_abs_error\": 0.0, \"ms_per_call\": 1.2427510228008032, \"parity_passed\": true, \"payload_sha256\": \"6e273a694a3d46965106f9756e76a1fa96ea331533b512792928c3c285c2061b\", \"sample_records_sha256\": \"4cf0e018e5c7f926cbf2cb1630e8a93276a2c8b7aceb1c22a1b6de8a5d3bd4a8\", \"status\": \"available\", \"timeline_sha256\": \"af5b17e18732316e29c108f5a0c23056330360a93c911f36e52a99b1ea2633bd\", \"tolerance\": 1e-12, \"transition_table_sha256\": \"b75d273e260e737ec8cf2ad6873160d591da03d32f22afe8ded13ebe8b8e9c83\", \"unavailable_reason\": \"\"}, {\"backend\": \"julia\", \"max_abs_error\": 0.0, \"ms_per_call\": 1.114655053243041, \"parity_passed\": true, \"payload_sha256\": \"6e273a694a3d46965106f9756e76a1fa96ea331533b512792928c3c285c2061b\", \"sample_records_sha256\": \"4cf0e018e5c7f926cbf2cb1630e8a93276a2c8b7aceb1c22a1b6de8a5d3bd4a8\", \"status\": \"available\", \"timeline_sha256\": \"af5b17e18732316e29c108f5a0c23056330360a93c911f36e52a99b1ea2633bd\", \"tolerance\": 1e-12, \"transition_table_sha256\": \"b75d273e260e737ec8cf2ad6873160d591da03d32f22afe8ded13ebe8b8e9c83\", \"unavailable_reason\": \"\"}, {\"backend\": \"go\", \"max_abs_error\": 0.0, \"ms_per_call\": 1.0894578881561756, \"parity_passed\": true, \"payload_sha256\": \"6e273a694a3d46965106f9756e76a1fa96ea331533b512792928c3c285c2061b\", \"sample_records_sha256\": \"4cf0e018e5c7f926cbf2cb1630e8a93276a2c8b7aceb1c22a1b6de8a5d3bd4a8\", \"status\": \"available\", \"timeline_sha256\": \"af5b17e18732316e29c108f5a0c23056330360a93c911f36e52a99b1ea2633bd\", \"tolerance\": 1e-12, \"transition_table_sha256\": \"b75d273e260e737ec8cf2ad6873160d591da03d32f22afe8ded13ebe8b8e9c83\", \"unavailable_reason\": \"\"}, {\"backend\": \"python\", \"max_abs_error\": 0.0, \"ms_per_call\": 1.1377371847629547, \"parity_passed\": true, \"payload_sha256\": \"6e273a694a3d46965106f9756e76a1fa96ea331533b512792928c3c285c2061b\", \"sample_records_sha256\": \"4cf0e018e5c7f926cbf2cb1630e8a93276a2c8b7aceb1c22a1b6de8a5d3bd4a8\", \"status\": \"available\", \"timeline_sha256\": \"af5b17e18732316e29c108f5a0c23056330360a93c911f36e52a99b1ea2633bd\", \"tolerance\": 0.0, \"transition_table_sha256\": \"b75d273e260e737ec8cf2ad6873160d591da03d32f22afe8ded13ebe8b8e9c83\", \"unavailable_reason\": \"\"}]",
  "benchmark_evidence_kind": "local_regression_non_isolated",
  "benchmark_sha256": "d5d9c68db184ad036b4a6760100759cb96ffb0c6cc10ebcf250f401b77a5f0c5",
  "calls": 1,
  "execution_disabled": 1,
  "final_lock_achieved": 0,
  "first_lock_index": 3,
  "first_lock_observed": 1,
  "isolation_method": "none",
  "lock_loss_count": 1,
  "n": 8,
  "non_actuating": 1,
  "parity_checked_count": 5,
  "parity_pass_count": 5,
  "production_timing_claim": 0,
  "python_reference_present": 1,
  "reference_sample_records_sha256": "4cf0e018e5c7f926cbf2cb1630e8a93276a2c8b7aceb1c22a1b6de8a5d3bd4a8",
  "reference_timeline_sha256": "af5b17e18732316e29c108f5a0c23056330360a93c911f36e52a99b1ea2633bd",
  "reset_count": 1,
  "steps_per_second": 323.23104544417765,
  "suite": "pha_c_timeline_polyglot_parity_gate",
  "tolerance_profile_multiplier": 1.0,
  "tolerance_profile_name": "baseline_1x",
  "unavailable_backend_count": 0,
  "wall_time_s": 0.01546881115064025
}
