{
  "detector_name": "adaptive_kuramoto_seizure",
  "n_events": 9,
  "n_nulls": 600,
  "score_mean_events": 0.337572,
  "score_mean_nulls": 0.304754,
  "target_false_alarm": 0.1,
  "matched_threshold": 0.3313940000000001,
  "achieved_false_alarm": 0.1,
  "detection_rate": 0.7777777777777778,
  "n_events_alarmed": 7,
  "p_value": 9.999000099990002e-05,
  "beats_chance": true,
  "permutation_seed": 42,
  "n_permutations": 10000,
  "corpus_id": "chbmit-chb01_15-preictal-vs-interictal",
  "captured_at": "2026-07-14T12:54:03Z",
  "audit_content_hash": "b3aca8101828141fe761d87e49d80ff284c7ca99d76d864a5013bdfd9628ad91",
  "auc": 0.917593,
  "preictal_score_mean": 0.337572,
  "interictal_score_mean": 0.304754
}
