{
  "detector_name": "snr_weighted_delta_kuramoto",
  "n_events": 197,
  "n_nulls": 143,
  "score_mean_events": 0.733045,
  "score_mean_nulls": 0.724613,
  "target_false_alarm": 0.1,
  "matched_threshold": 0.7922010000000002,
  "achieved_false_alarm": 0.0979020979020979,
  "detection_rate": 0.2182741116751269,
  "n_events_alarmed": 43,
  "p_value": 0.0022997700229977,
  "beats_chance": true,
  "permutation_seed": 42,
  "n_permutations": 10000,
  "corpus_id": "cap-n2-multichannel-n3-vs-wake",
  "captured_at": "2026-07-08T22:00:00Z",
  "audit_content_hash": "b9bac09b97f153810e56fcf11c6b4f469f096ccff427d9bf20a38928767b91ab"
}
