{
  "detector_name": "topk15_plv_kuramoto_seizure",
  "n_events": 9,
  "n_nulls": 600,
  "score_mean_events": 0.431942,
  "score_mean_nulls": 0.385784,
  "target_false_alarm": 0.1,
  "matched_threshold": 0.41882800000000003,
  "achieved_false_alarm": 0.1,
  "detection_rate": 0.5555555555555556,
  "n_events_alarmed": 5,
  "p_value": 0.0006999300069993001,
  "beats_chance": true,
  "permutation_seed": 42,
  "n_permutations": 10000,
  "corpus_id": "chbmit-chb01_04-preictal-vs-interictal",
  "captured_at": "2026-07-14T15:11:17Z",
  "audit_content_hash": "00e0b36e89fb200d977014cafb9acdc4ba525dea04d70971e163e20b85a71d59",
  "auc": 0.926389,
  "preictal_score_mean": 0.431942,
  "interictal_score_mean": 0.385784
}
