{
  "detector_name": "adaptive_kuramoto_seizure",
  "n_events": 9,
  "n_nulls": 600,
  "score_mean_events": 0.31829,
  "score_mean_nulls": 0.304754,
  "target_false_alarm": 0.1,
  "matched_threshold": 0.3313940000000001,
  "achieved_false_alarm": 0.1,
  "detection_rate": 0.1111111111111111,
  "n_events_alarmed": 1,
  "p_value": 0.6182381761823817,
  "beats_chance": false,
  "permutation_seed": 42,
  "n_permutations": 10000,
  "corpus_id": "chbmit-chb01_04-preictal-vs-interictal",
  "captured_at": "2026-07-14T15:11:17Z",
  "audit_content_hash": "45ed954eac89202e5e6316e074d3de2915760a2e02bcac288a7d16bd46093ddc",
  "auc": 0.728889,
  "preictal_score_mean": 0.31829,
  "interictal_score_mean": 0.304754
}
