{
  "detector_name": "mean_kuramoto_seizure",
  "n_events": 9,
  "n_nulls": 600,
  "score_mean_events": 0.327807,
  "score_mean_nulls": 0.307341,
  "target_false_alarm": 0.1,
  "matched_threshold": 0.32871600000000006,
  "achieved_false_alarm": 0.1,
  "detection_rate": 0.4444444444444444,
  "n_events_alarmed": 4,
  "p_value": 0.008799120087991202,
  "beats_chance": true,
  "permutation_seed": 42,
  "n_permutations": 10000,
  "corpus_id": "chbmit-chb01_04-preictal-vs-interictal",
  "captured_at": "2026-07-14T12:54:03Z",
  "audit_content_hash": "4377e12d1cd311cc9253448fdcba9e792e362d6413052d7efee85a82940bdcf4",
  "auc": 0.856296,
  "preictal_score_mean": 0.327807,
  "interictal_score_mean": 0.307341
}
