{
  "detector_name": "plv_kuramoto_seizure",
  "n_events": 9,
  "n_nulls": 600,
  "score_mean_events": 0.377814,
  "score_mean_nulls": 0.363635,
  "target_false_alarm": 0.1,
  "matched_threshold": 0.3864580000000001,
  "achieved_false_alarm": 0.1,
  "detection_rate": 0.2222222222222222,
  "n_events_alarmed": 2,
  "p_value": 0.2308769123087691,
  "beats_chance": false,
  "permutation_seed": 42,
  "n_permutations": 10000,
  "corpus_id": "chbmit-chb01_04-preictal-vs-interictal",
  "captured_at": "2026-07-14T15:11:17Z",
  "audit_content_hash": "f2d82d96c9f43d25a9619cdadec418cf68926ec8410d384013b6fcda71780bc3",
  "auc": 0.731481,
  "preictal_score_mean": 0.377814,
  "interictal_score_mean": 0.363635
}
