{
  "detector_name": "normalized_delta_envelope",
  "n_events": 220,
  "n_nulls": 1997,
  "score_mean_events": 0.815512,
  "score_mean_nulls": 0.587745,
  "target_false_alarm": 0.1,
  "matched_threshold": 0.6721510000000002,
  "achieved_false_alarm": 0.09964947421131698,
  "detection_rate": 0.9954545454545455,
  "n_events_alarmed": 219,
  "p_value": 9.999000099990002e-05,
  "beats_chance": true,
  "permutation_seed": 42,
  "n_permutations": 10000,
  "corpus_id": "regime-SC4001E0",
  "captured_at": "2026-07-10T00:00:00Z",
  "audit_content_hash": "7539aa75281a77519f1b4c61d79c75c26811f0ee7c4e1bb8bb19c87642a14759"
}
