{
  "detector_name": "coherent_sustained_kuramoto",
  "n_events": 220,
  "n_nulls": 1997,
  "score_mean_events": 4.821983,
  "score_mean_nulls": 4.027024,
  "target_false_alarm": 0.1,
  "matched_threshold": 5.811946000000001,
  "achieved_false_alarm": 0.09964947421131698,
  "detection_rate": 0.2681818181818182,
  "n_events_alarmed": 59,
  "p_value": 9.999000099990002e-05,
  "beats_chance": true,
  "permutation_seed": 42,
  "n_permutations": 10000,
  "corpus_id": "regime-SC4001E0",
  "captured_at": "2026-07-10T00:00:00Z",
  "audit_content_hash": "17c70ecb6028fc7f855406fbf447125e4add0a2e6ead6a663e7648e1e39aca45"
}
