{
  "per_seizure": [
    {
      "file": "chb01_03.edf",
      "mean_r": {
        "auc": 0.7788888888888889,
        "dr": 0.2222222222222222
      },
      "per_epoch": {
        "15": {
          "auc": 0.7312962962962963,
          "dr": 0.3333333333333333
        },
        "20": {
          "auc": 0.7962962962962963,
          "dr": 0.4444444444444444
        },
        "23": {
          "auc": 0.7788888888888889,
          "dr": 0.2222222222222222
        }
      },
      "global": {
        "15": {
          "auc": 0.8575925925925926,
          "dr": 0.5555555555555556
        },
        "20": {
          "auc": 0.7922222222222223,
          "dr": 0.5555555555555556
        },
        "23": {
          "auc": 0.7788888888888889,
          "dr": 0.2222222222222222
        }
      }
    },
    {
      "file": "chb01_04.edf",
      "mean_r": {
        "auc": 0.8562962962962963,
        "dr": 0.4444444444444444
      },
      "per_epoch": {
        "15": {
          "auc": 0.7737037037037037,
          "dr": 0.2222222222222222
        },
        "20": {
          "auc": 0.8546296296296296,
          "dr": 0.5555555555555556
        },
        "23": {
          "auc": 0.8562962962962963,
          "dr": 0.4444444444444444
        }
      },
      "global": {
        "15": {
          "auc": 0.9285185185185185,
          "dr": 0.6666666666666666
        },
        "20": {
          "auc": 0.8596296296296296,
          "dr": 0.5555555555555556
        },
        "23": {
          "auc": 0.8562962962962963,
          "dr": 0.4444444444444444
        }
      }
    },
    {
      "file": "chb01_15.edf",
      "mean_r": {
        "auc": 0.9757407407407407,
        "dr": 1.0
      },
      "per_epoch": {
        "15": {
          "auc": 0.9777777777777777,
          "dr": 1.0
        },
        "20": {
          "auc": 0.982037037037037,
          "dr": 1.0
        },
        "23": {
          "auc": 0.9757407407407407,
          "dr": 1.0
        }
      },
      "global": {
        "15": {
          "auc": 0.9942592592592593,
          "dr": 1.0
        },
        "20": {
          "auc": 0.980925925925926,
          "dr": 1.0
        },
        "23": {
          "auc": 0.9757407407407407,
          "dr": 1.0
        }
      }
    },
    {
      "file": "chb01_16.edf",
      "mean_r": {
        "auc": 0.9524074074074074,
        "dr": 0.8888888888888888
      },
      "per_epoch": {
        "15": {
          "auc": 0.9362962962962963,
          "dr": 0.8888888888888888
        },
        "20": {
          "auc": 0.9633333333333334,
          "dr": 0.8888888888888888
        },
        "23": {
          "auc": 0.9524074074074074,
          "dr": 0.8888888888888888
        }
      },
      "global": {
        "15": {
          "auc": 0.982037037037037,
          "dr": 1.0
        },
        "20": {
          "auc": 0.957962962962963,
          "dr": 0.8888888888888888
        },
        "23": {
          "auc": 0.9524074074074074,
          "dr": 0.8888888888888888
        }
      }
    },
    {
      "file": "chb01_18.edf",
      "mean_r": {
        "auc": 0.9798148148148148,
        "dr": 1.0
      },
      "per_epoch": {
        "15": {
          "auc": 0.9675925925925926,
          "dr": 1.0
        },
        "20": {
          "auc": 0.9831481481481481,
          "dr": 1.0
        },
        "23": {
          "auc": 0.9798148148148148,
          "dr": 1.0
        }
      },
      "global": {
        "15": {
          "auc": 0.9909259259259259,
          "dr": 1.0
        },
        "20": {
          "auc": 0.980925925925926,
          "dr": 1.0
        },
        "23": {
          "auc": 0.9798148148148148,
          "dr": 1.0
        }
      }
    },
    {
      "file": "chb01_21.edf",
      "mean_r": {
        "auc": 0.8812962962962962,
        "dr": 0.5555555555555556
      },
      "per_epoch": {
        "15": {
          "auc": 0.8244444444444444,
          "dr": 0.3333333333333333
        },
        "20": {
          "auc": 0.8798148148148148,
          "dr": 0.6666666666666666
        },
        "23": {
          "auc": 0.8812962962962962,
          "dr": 0.5555555555555556
        }
      },
      "global": {
        "15": {
          "auc": 0.9422222222222222,
          "dr": 0.8888888888888888
        },
        "20": {
          "auc": 0.9038888888888889,
          "dr": 0.7777777777777778
        },
        "23": {
          "auc": 0.8812962962962962,
          "dr": 0.5555555555555556
        }
      }
    },
    {
      "file": "chb01_26.edf",
      "mean_r": {
        "auc": 0.929074074074074,
        "dr": 0.7777777777777778
      },
      "per_epoch": {
        "15": {
          "auc": 0.8346296296296296,
          "dr": 0.4444444444444444
        },
        "20": {
          "auc": 0.924074074074074,
          "dr": 0.7777777777777778
        },
        "23": {
          "auc": 0.929074074074074,
          "dr": 0.7777777777777778
        }
      },
      "global": {
        "15": {
          "auc": 0.9427777777777778,
          "dr": 0.7777777777777778
        },
        "20": {
          "auc": 0.9390740740740741,
          "dr": 0.7777777777777778
        },
        "23": {
          "auc": 0.929074074074074,
          "dr": 0.7777777777777778
        }
      }
    }
  ],
  "aggregate": {
    "baseline": {
      "mean_auc": 0.907646,
      "mean_dr": 0.698413
    },
    "per_epoch": {
      "15": {
        "mean_auc": 0.863677,
        "mean_dr": 0.603175
      },
      "20": {
        "mean_auc": 0.911905,
        "mean_dr": 0.761905
      },
      "23": {
        "mean_auc": 0.907646,
        "mean_dr": 0.698413
      }
    },
    "global": {
      "15": {
        "mean_auc": 0.948333,
        "mean_dr": 0.84127
      },
      "20": {
        "mean_auc": 0.916376,
        "mean_dr": 0.793651
      },
      "23": {
        "mean_auc": 0.907646,
        "mean_dr": 0.698413
      }
    }
  }
}
