{
  "detector_name": "sustained_delta_kuramoto",
  "n_events": 188,
  "n_nulls": 180,
  "score_mean_events": 0.455758,
  "score_mean_nulls": 0.399896,
  "target_false_alarm": 0.1,
  "matched_threshold": 0.5970430000000001,
  "achieved_false_alarm": 0.1,
  "detection_rate": 0.2074468085106383,
  "n_events_alarmed": 39,
  "p_value": 0.0027997200279972004,
  "beats_chance": true,
  "permutation_seed": 42,
  "n_permutations": 10000,
  "corpus_id": "regime-narco2",
  "captured_at": "2026-07-10T00:00:00Z",
  "audit_content_hash": "8ce8f4da064ef762355a44502586ed9880bcaa1bb562201d3ab34fd5b0d12189"
}
