{
  "detector_name": "amplitude_gated_delta_kuramoto",
  "n_events": 188,
  "n_nulls": 180,
  "score_mean_events": 5.683291,
  "score_mean_nulls": 2.695374,
  "target_false_alarm": 0.1,
  "matched_threshold": 5.0528830000000005,
  "achieved_false_alarm": 0.1,
  "detection_rate": 0.5585106382978723,
  "n_events_alarmed": 105,
  "p_value": 9.999000099990002e-05,
  "beats_chance": true,
  "permutation_seed": 42,
  "n_permutations": 10000,
  "corpus_id": "regime-narco2",
  "captured_at": "2026-07-10T00:00:00Z",
  "audit_content_hash": "bf0350dd4224cde388d6214bb023ee81ad13e3e3d30e4c4a4762d69c65cd11bb"
}
