{
  "detector_name": "regime_adaptive_montage",
  "n_events": 188,
  "n_nulls": 180,
  "score_mean_events": 0.733022,
  "score_mean_nulls": 0.549006,
  "target_false_alarm": 0.1,
  "matched_threshold": 0.6580440000000001,
  "achieved_false_alarm": 0.1,
  "detection_rate": 0.8031914893617021,
  "n_events_alarmed": 151,
  "p_value": 9.999000099990002e-05,
  "beats_chance": true,
  "permutation_seed": 42,
  "n_permutations": 10000,
  "corpus_id": "regime-narco2",
  "captured_at": "2026-07-10T00:00:00Z",
  "audit_content_hash": "8a31dcb906c9f2367f4e0023daea8806578f07b043e900191cda945044a67898"
}
