{
  "benchmark": "csd_bifurcation_external_validation",
  "bifurcations": [
    {
      "control": [
        0.5,
        0.46384615384615385,
        0.4276923076923077,
        0.3915384615384615,
        0.3553846153846154,
        0.3192307692307692,
        0.28307692307692306,
        0.2469230769230769,
        0.21076923076923076,
        0.17461538461538462,
        0.13846153846153847,
        0.10230769230769232,
        0.06615384615384612,
        0.03
      ],
      "indicators": {
        "autocorrelation": {
          "correlation": {
            "n": 14,
            "pearson": 0.9804145897990288,
            "spearman": 0.9824175824175824
          },
          "detector_value": [
            -1.7106740865619954,
            -1.5467644295581033,
            -1.6096898239262014,
            -1.439658709398102,
            -1.3870227468147458,
            -1.4208635019288551,
            -1.1950251428728538,
            -1.0341895745533332,
            -1.1761079821718394,
            -1.0079165540842514,
            -0.9378604289247502,
            -0.6876842101734435,
            -0.7215191230609022,
            -0.490405019135456
          ]
        },
        "variance": {
          "correlation": {
            "n": 14,
            "pearson": 0.9150888962160957,
            "spearman": 0.9780219780219781
          },
          "detector_value": [
            0.00016008967610858872,
            0.00016617053646202968,
            0.00017810369954378288,
            0.00018208751635269378,
            0.00019693678346878598,
            0.00018156639710150755,
            0.00020604146586154936,
            0.00023067460430094123,
            0.00021420271649622057,
            0.0002409925622765574,
            0.0002671169709837771,
            0.00033784826554564783,
            0.0003280074773089949,
            0.0005054094596693687
          ]
        }
      },
      "n": 14,
      "name": "fold",
      "normal_form": "dx = (\u03bc - x\u00b2) dt",
      "true_rate": [
        -1.4142135623730951,
        -1.3621250366191113,
        -1.3079637727281406,
        -1.251460685021246,
        -1.1922828781536963,
        -1.1300102109817756,
        -1.064099474817882,
        -0.9938271015082591,
        -0.9181922037770323,
        -0.8357401141871428,
        -0.7442084075352507,
        -0.6397114734243629,
        -0.514407799916938,
        -0.34641016151377546
      ]
    },
    {
      "control": [
        -0.8,
        -0.7415384615384616,
        -0.6830769230769231,
        -0.6246153846153847,
        -0.5661538461538462,
        -0.5076923076923077,
        -0.44923076923076927,
        -0.3907692307692308,
        -0.33230769230769236,
        -0.27384615384615385,
        -0.2153846153846154,
        -0.15692307692307694,
        -0.09846153846153849,
        -0.04
      ],
      "indicators": {
        "autocorrelation": {
          "correlation": {
            "n": 14,
            "pearson": 0.9616158615404145,
            "spearman": 0.9604395604395607
          },
          "detector_value": [
            -1.110362900177885,
            -0.9397413061866944,
            -0.8218170986803969,
            -0.6414765052542187,
            -0.7667831707425179,
            -0.6934227352760697,
            -0.5126302700548454,
            -0.5855433822373719,
            -0.500096438063216,
            -0.41844025136021756,
            -0.2604450450250949,
            -0.1492904266982556,
            -0.26589261766823713,
            -0.2053476851638975
          ]
        },
        "variance": {
          "correlation": {
            "n": 14,
            "pearson": 0.8625492119178565,
            "spearman": 0.9780219780219781
          },
          "detector_value": [
            0.0002393022241749599,
            0.000257776814807656,
            0.0002974839637461251,
            0.0003424167581525254,
            0.00030719678595682944,
            0.00034430421992024903,
            0.00044885173551884706,
            0.0003959741804313523,
            0.0004931763671643492,
            0.0006091694082176949,
            0.0008353949485252661,
            0.0015859261929201064,
            0.0012207671979240727,
            0.0013297523195354875
          ]
        }
      },
      "n": 14,
      "name": "pitchfork",
      "normal_form": "dx = (\u03bc x - x\u00b3) dt",
      "true_rate": [
        -0.8,
        -0.7415384615384616,
        -0.6830769230769231,
        -0.6246153846153847,
        -0.5661538461538462,
        -0.5076923076923077,
        -0.44923076923076927,
        -0.3907692307692308,
        -0.33230769230769236,
        -0.27384615384615385,
        -0.2153846153846154,
        -0.15692307692307694,
        -0.09846153846153849,
        -0.04
      ]
    }
  ],
  "content_hash": "8634e747e103825e3ecd19955e6a6a003cf29dd6cd9f8ddfd2d1d6b3d929adf1",
  "method": "per operating point: integrate the scalar stochastic normal form at a fixed control \u03bc; the analytic Jacobian eigenvalue is the true \u03bb; the shipped CSD detector reads the lag-one autocorrelation (as an ln(AR1)/\u0394t implied rate) and the variance; correlate each against \u03bb.",
  "question": "Does the shipped critical-slowing-down detector's autocorrelation recover the true recovery rate \u03bb at a bifurcation?",
  "sampling_dt": 0.2,
  "sigma": 0.02,
  "step": 32,
  "verdict": "On independent bifurcation classes (fold, pitchfork) with the analytic normal-form eigenvalue as ground truth, the shipped CSD detector's autocorrelation recovers the true recovery rate \u03bb (Spearman \u03c1\u22650.96) \u2014 and as ln(AR1)/\u0394t it estimates \u03bb in magnitude, not merely in rank; the variance channel rises in step, so critical slowing down is confirmed against a first-principles reference.",
  "window": 256
}
