{
  "detector_name": "adaptive_kuramoto_delta",
  "n_events": 9,
  "n_nulls": 600,
  "score_mean_events": 0.398018,
  "score_mean_nulls": 0.386938,
  "target_false_alarm": 0.1,
  "matched_threshold": 0.43483600000000006,
  "achieved_false_alarm": 0.1,
  "detection_rate": 0.2222222222222222,
  "n_events_alarmed": 2,
  "p_value": 0.23347665233476653,
  "beats_chance": false,
  "permutation_seed": 42,
  "n_permutations": 10000,
  "corpus_id": "chbmit-chb01_18-preictal-vs-interictal",
  "captured_at": "2026-07-14T12:00:18Z",
  "audit_content_hash": "365311267a4832a78a99efe6aa90bec6a68356f0b98626720f8ff374e8b43eed",
  "auc": 0.592778,
  "preictal_score_mean": 0.398018,
  "interictal_score_mean": 0.386938
}
