{
  "detector_name": "regime_adaptive_montage",
  "n_events": 289,
  "n_nulls": 127,
  "score_mean_events": 3.093806,
  "score_mean_nulls": 1.377128,
  "target_false_alarm": 0.1,
  "matched_threshold": 1.8606860000000003,
  "achieved_false_alarm": 0.09448818897637795,
  "detection_rate": 0.8927335640138409,
  "n_events_alarmed": 258,
  "p_value": 9.999000099990002e-05,
  "beats_chance": true,
  "permutation_seed": 42,
  "n_permutations": 10000,
  "corpus_id": "regime-brux2",
  "captured_at": "2026-07-10T00:00:00Z",
  "audit_content_hash": "c985731716a5680e9a965c6f40cce0a3f6fdaadad996dc85cdc80b1da4c5adc0"
}
