{
  "detector_name": "mean_kuramoto_delta",
  "n_events": 9,
  "n_nulls": 600,
  "score_mean_events": 0.387468,
  "score_mean_nulls": 0.380418,
  "target_false_alarm": 0.1,
  "matched_threshold": 0.41996500000000003,
  "achieved_false_alarm": 0.1,
  "detection_rate": 0.1111111111111111,
  "n_events_alarmed": 1,
  "p_value": 0.6080391960803919,
  "beats_chance": false,
  "permutation_seed": 42,
  "n_permutations": 10000,
  "corpus_id": "chbmit-chb01_16-preictal-vs-interictal",
  "captured_at": "2026-07-14T12:00:18Z",
  "audit_content_hash": "3ec397882cdc0746f8dc5443344bdbbab703da412c7c35761e6fa8fd7b898892",
  "auc": 0.562963,
  "preictal_score_mean": 0.387468,
  "interictal_score_mean": 0.380418
}
