{
  "detector_name": "adaptive_kuramoto_seizure",
  "n_events": 9,
  "n_nulls": 600,
  "score_mean_events": 0.335877,
  "score_mean_nulls": 0.304754,
  "target_false_alarm": 0.1,
  "matched_threshold": 0.3313940000000001,
  "achieved_false_alarm": 0.1,
  "detection_rate": 0.4444444444444444,
  "n_events_alarmed": 4,
  "p_value": 0.009099090090990901,
  "beats_chance": true,
  "permutation_seed": 42,
  "n_permutations": 10000,
  "corpus_id": "chbmit-chb01_16-preictal-vs-interictal",
  "captured_at": "2026-07-14T12:54:03Z",
  "audit_content_hash": "b5bed70dc0058be1592493911d5f0b37568e9f11e08b5f01fa9d8671b4c16465",
  "auc": 0.873889,
  "preictal_score_mean": 0.335877,
  "interictal_score_mean": 0.304754
}
