{
  "detector_name": "adaptive_kuramoto_delta",
  "n_events": 9,
  "n_nulls": 600,
  "score_mean_events": 0.395047,
  "score_mean_nulls": 0.386938,
  "target_false_alarm": 0.1,
  "matched_threshold": 0.43483600000000006,
  "achieved_false_alarm": 0.1,
  "detection_rate": 0.1111111111111111,
  "n_events_alarmed": 1,
  "p_value": 0.6084391560843916,
  "beats_chance": false,
  "permutation_seed": 42,
  "n_permutations": 10000,
  "corpus_id": "chbmit-chb01_16-preictal-vs-interictal",
  "captured_at": "2026-07-14T12:00:18Z",
  "audit_content_hash": "f372b6d4caf6c63fe1afee867a4884db05c29e289795f6eab354e87ee405a056",
  "auc": 0.555556,
  "preictal_score_mean": 0.395047,
  "interictal_score_mean": 0.386938
}
