{
  "detector_name": "plv_kuramoto_seizure",
  "n_events": 9,
  "n_nulls": 600,
  "score_mean_events": 0.411251,
  "score_mean_nulls": 0.363635,
  "target_false_alarm": 0.1,
  "matched_threshold": 0.3864580000000001,
  "achieved_false_alarm": 0.1,
  "detection_rate": 0.8888888888888888,
  "n_events_alarmed": 8,
  "p_value": 9.999000099990002e-05,
  "beats_chance": true,
  "permutation_seed": 42,
  "n_permutations": 10000,
  "corpus_id": "chbmit-chb01_16-preictal-vs-interictal",
  "captured_at": "2026-07-14T15:11:17Z",
  "audit_content_hash": "7cf0357bd1f332e0c3acc714654ea5b22d37b7175eea2ec650000aa23b8a2d50",
  "auc": 0.935556,
  "preictal_score_mean": 0.411251,
  "interictal_score_mean": 0.363635
}
