{
  "detector_name": "plv_kuramoto_seizure",
  "n_events": 9,
  "n_nulls": 600,
  "score_mean_events": 0.37527,
  "score_mean_nulls": 0.363635,
  "target_false_alarm": 0.1,
  "matched_threshold": 0.3864580000000001,
  "achieved_false_alarm": 0.1,
  "detection_rate": 0.4444444444444444,
  "n_events_alarmed": 4,
  "p_value": 0.010198980101989802,
  "beats_chance": true,
  "permutation_seed": 42,
  "n_permutations": 10000,
  "corpus_id": "chbmit-chb01_03-preictal-vs-interictal",
  "captured_at": "2026-07-14T12:54:03Z",
  "audit_content_hash": "0cb6ac814694ed49ec91607ee2aaedd73c9f50df8dc486e26380326b8b964d61",
  "auc": 0.681111,
  "preictal_score_mean": 0.37527,
  "interictal_score_mean": 0.363635
}
