{
  "detector_name": "mean_kuramoto_seizure",
  "n_events": 9,
  "n_nulls": 600,
  "score_mean_events": 0.321474,
  "score_mean_nulls": 0.307341,
  "target_false_alarm": 0.1,
  "matched_threshold": 0.32871600000000006,
  "achieved_false_alarm": 0.1,
  "detection_rate": 0.2222222222222222,
  "n_events_alarmed": 2,
  "p_value": 0.22817718228177183,
  "beats_chance": false,
  "permutation_seed": 42,
  "n_permutations": 10000,
  "corpus_id": "chbmit-chb01_03-preictal-vs-interictal",
  "captured_at": "2026-07-14T12:54:03Z",
  "audit_content_hash": "726366e764a6a7abdcd840897d4e6276477cc6c2a82a3263d0c2a600dc60f448",
  "auc": 0.778889,
  "preictal_score_mean": 0.321474,
  "interictal_score_mean": 0.307341
}
