{
  "detector_name": "topk15_plv_kuramoto_seizure",
  "n_events": 9,
  "n_nulls": 600,
  "score_mean_events": 0.436392,
  "score_mean_nulls": 0.385784,
  "target_false_alarm": 0.1,
  "matched_threshold": 0.41882800000000003,
  "achieved_false_alarm": 0.1,
  "detection_rate": 0.8888888888888888,
  "n_events_alarmed": 8,
  "p_value": 9.999000099990002e-05,
  "beats_chance": true,
  "permutation_seed": 42,
  "n_permutations": 10000,
  "corpus_id": "chbmit-chb01_21-preictal-vs-interictal",
  "captured_at": "2026-07-14T15:11:17Z",
  "audit_content_hash": "62d9be73825851d2ce15610df31e8e960dae873220d052e8750a7051b222d825",
  "auc": 0.931296,
  "preictal_score_mean": 0.436392,
  "interictal_score_mean": 0.385784
}
