{
  "detector_name": "adaptive_kuramoto_seizure",
  "n_events": 9,
  "n_nulls": 600,
  "score_mean_events": 0.322766,
  "score_mean_nulls": 0.304754,
  "target_false_alarm": 0.1,
  "matched_threshold": 0.3313940000000001,
  "achieved_false_alarm": 0.1,
  "detection_rate": 0.3333333333333333,
  "n_events_alarmed": 3,
  "p_value": 0.059394060593940604,
  "beats_chance": false,
  "permutation_seed": 42,
  "n_permutations": 10000,
  "corpus_id": "chbmit-chb01_21-preictal-vs-interictal",
  "captured_at": "2026-07-14T12:54:03Z",
  "audit_content_hash": "f4c3f1f509d5a0a3ca1a863c087d2e67b3e2c3d914acc3510239b200e4bdf3b2",
  "auc": 0.750556,
  "preictal_score_mean": 0.322766,
  "interictal_score_mean": 0.304754
}
