{
  "detector_name": "mean_kuramoto_seizure",
  "n_events": 9,
  "n_nulls": 600,
  "score_mean_events": 0.332282,
  "score_mean_nulls": 0.307341,
  "target_false_alarm": 0.1,
  "matched_threshold": 0.32871600000000006,
  "achieved_false_alarm": 0.1,
  "detection_rate": 0.5555555555555556,
  "n_events_alarmed": 5,
  "p_value": 0.0010998900109989002,
  "beats_chance": true,
  "permutation_seed": 42,
  "n_permutations": 10000,
  "corpus_id": "chbmit-chb01_21-preictal-vs-interictal",
  "captured_at": "2026-07-14T12:00:18Z",
  "audit_content_hash": "3cef13dccc8cfe600001522bcf5d6a274785a488d85efc4b0057bc84793d7e45",
  "auc": 0.881296,
  "preictal_score_mean": 0.332282,
  "interictal_score_mean": 0.307341
}
