{
  "detector_name": "plv_kuramoto_seizure",
  "n_events": 9,
  "n_nulls": 600,
  "score_mean_events": 0.384172,
  "score_mean_nulls": 0.363635,
  "target_false_alarm": 0.1,
  "matched_threshold": 0.3864580000000001,
  "achieved_false_alarm": 0.1,
  "detection_rate": 0.3333333333333333,
  "n_events_alarmed": 3,
  "p_value": 0.0542945705429457,
  "beats_chance": false,
  "permutation_seed": 42,
  "n_permutations": 10000,
  "corpus_id": "chbmit-chb01_21-preictal-vs-interictal",
  "captured_at": "2026-07-14T15:11:17Z",
  "audit_content_hash": "a206c73c7772f834e43f27762869773022a28509da1fd218698ae4cedd8cab59",
  "auc": 0.780185,
  "preictal_score_mean": 0.384172,
  "interictal_score_mean": 0.363635
}
