{
  "detector_name": "multi_channel_delta_kuramoto",
  "n_events": 197,
  "n_nulls": 143,
  "score_mean_events": 0.728472,
  "score_mean_nulls": 0.72288,
  "target_false_alarm": 0.1,
  "matched_threshold": 0.7913220000000001,
  "achieved_false_alarm": 0.0979020979020979,
  "detection_rate": 0.2233502538071066,
  "n_events_alarmed": 44,
  "p_value": 0.0023997600239976003,
  "beats_chance": true,
  "permutation_seed": 42,
  "n_permutations": 10000,
  "corpus_id": "cap-n2-kuramoto-variants",
  "captured_at": "2026-07-10T00:00:00Z",
  "audit_content_hash": "700d6b957600c5ce09a626988b165138337493e742042f386c1565be194cf22c"
}
