{
  "detector_name": "normalized_delta_envelope",
  "n_events": 197,
  "n_nulls": 143,
  "score_mean_events": 0.646038,
  "score_mean_nulls": 0.614799,
  "target_false_alarm": 0.1,
  "matched_threshold": 0.8145970000000001,
  "achieved_false_alarm": 0.0979020979020979,
  "detection_rate": 0.005076142131979695,
  "n_events_alarmed": 1,
  "p_value": 1.0,
  "beats_chance": false,
  "permutation_seed": 42,
  "n_permutations": 10000,
  "corpus_id": "cap-n2-kuramoto-variants",
  "captured_at": "2026-07-10T00:00:00Z",
  "audit_content_hash": "02d2a884bdf9eb27eb1f2461d3e67731ee3c9c1e4f114bb000dc47c6293a6758"
}
