{
  "detector_name": "snr_weighted_delta_kuramoto",
  "n_events": 197,
  "n_nulls": 143,
  "score_mean_events": 0.733045,
  "score_mean_nulls": 0.724613,
  "target_false_alarm": 0.1,
  "matched_threshold": 0.7922010000000002,
  "achieved_false_alarm": 0.0979020979020979,
  "detection_rate": 0.2182741116751269,
  "n_events_alarmed": 43,
  "p_value": 0.0022997700229977,
  "beats_chance": true,
  "permutation_seed": 42,
  "n_permutations": 10000,
  "corpus_id": "cap-n2-kuramoto-variants",
  "captured_at": "2026-07-10T00:00:00Z",
  "audit_content_hash": "48c397ca8d13117f9b6753c5803d530a96b1dc43d8a1c0d5ab439deb2602fea3"
}
