{
  "detector_name": "sustained_delta_kuramoto",
  "n_events": 197,
  "n_nulls": 143,
  "score_mean_events": 0.570427,
  "score_mean_nulls": 0.544095,
  "target_false_alarm": 0.1,
  "matched_threshold": 0.6792730000000001,
  "achieved_false_alarm": 0.0979020979020979,
  "detection_rate": 0.19796954314720813,
  "n_events_alarmed": 39,
  "p_value": 0.009099090090990901,
  "beats_chance": true,
  "permutation_seed": 42,
  "n_permutations": 10000,
  "corpus_id": "cap-n2-kuramoto-variants",
  "captured_at": "2026-07-10T00:00:00Z",
  "audit_content_hash": "1b6505513d4c13ebcaeb5e130fe1fd9ab3ced9845d74605c993394308853c55d"
}
