{
  "detector_name": "adaptive_channel_kuramoto",
  "n_events": 321,
  "n_nulls": 39,
  "score_mean_events": 0.798838,
  "score_mean_nulls": 0.773,
  "target_false_alarm": 0.1,
  "matched_threshold": 0.8156800000000001,
  "achieved_false_alarm": 0.07692307692307693,
  "detection_rate": 0.3395638629283489,
  "n_events_alarmed": 109,
  "p_value": 0.0005999400059994001,
  "beats_chance": true,
  "permutation_seed": 42,
  "n_permutations": 10000,
  "corpus_id": "regime-n1",
  "captured_at": "2026-07-10T00:00:00Z",
  "audit_content_hash": "176ddd404a2436a590b8319e6829ca0934f0c08c59095c3e339c7e610f06142d"
}
