{
  "detector_name": "amplitude_gated_delta_kuramoto",
  "n_events": 321,
  "n_nulls": 39,
  "score_mean_events": 6.387151,
  "score_mean_nulls": 4.533813,
  "target_false_alarm": 0.1,
  "matched_threshold": 6.9898810000000005,
  "achieved_false_alarm": 0.07692307692307693,
  "detection_rate": 0.3862928348909657,
  "n_events_alarmed": 124,
  "p_value": 0.00029997000299970003,
  "beats_chance": true,
  "permutation_seed": 42,
  "n_permutations": 10000,
  "corpus_id": "regime-n1",
  "captured_at": "2026-07-10T00:00:00Z",
  "audit_content_hash": "9c96a8520530e6f175773723e02c97025e782fca73d6ffa759257d86fe66c5dd"
}
