{
  "detector_name": "multi_channel_delta_kuramoto",
  "n_events": 321,
  "n_nulls": 39,
  "score_mean_events": 0.628552,
  "score_mean_nulls": 0.604416,
  "target_false_alarm": 0.1,
  "matched_threshold": 0.6607930000000001,
  "achieved_false_alarm": 0.07692307692307693,
  "detection_rate": 0.23052959501557632,
  "n_events_alarmed": 74,
  "p_value": 0.0170982901709829,
  "beats_chance": true,
  "permutation_seed": 42,
  "n_permutations": 10000,
  "corpus_id": "regime-n1",
  "captured_at": "2026-07-10T00:00:00Z",
  "audit_content_hash": "26f84f17b8d15871078fcd9a8d295af613e026ad67f4088f451af9b743d222e4"
}
