{
  "detector_name": "normalized_delta_envelope",
  "n_events": 321,
  "n_nulls": 39,
  "score_mean_events": 0.762208,
  "score_mean_nulls": 0.701798,
  "target_false_alarm": 0.1,
  "matched_threshold": 0.7791120000000001,
  "achieved_false_alarm": 0.07692307692307693,
  "detection_rate": 0.38006230529595014,
  "n_events_alarmed": 122,
  "p_value": 9.999000099990002e-05,
  "beats_chance": true,
  "permutation_seed": 42,
  "n_permutations": 10000,
  "corpus_id": "regime-n1",
  "captured_at": "2026-07-10T00:00:00Z",
  "audit_content_hash": "cb26c8b9a34379ebce00e4e5bfef2add31b2af494e1829cc463a48eaedb9b9df"
}
