{
  "detector_name": "multi_channel_delta_kuramoto",
  "n_events": 188,
  "n_nulls": 180,
  "score_mean_events": 0.60314,
  "score_mean_nulls": 0.552752,
  "target_false_alarm": 0.1,
  "matched_threshold": 0.7599580000000001,
  "achieved_false_alarm": 0.1,
  "detection_rate": 0.21808510638297873,
  "n_events_alarmed": 41,
  "p_value": 0.0012998700129987,
  "beats_chance": true,
  "permutation_seed": 42,
  "n_permutations": 10000,
  "corpus_id": "cap-narco2-kuramoto-variants",
  "captured_at": "2026-07-10T00:00:00Z",
  "audit_content_hash": "9df3a70098024b66081df79254ce5867b870aecd52c74a18a0c815c4eadd1125"
}
