{
  "detector_name": "normalized_delta_envelope",
  "n_events": 188,
  "n_nulls": 180,
  "score_mean_events": 0.733022,
  "score_mean_nulls": 0.549006,
  "target_false_alarm": 0.1,
  "matched_threshold": 0.6580440000000001,
  "achieved_false_alarm": 0.1,
  "detection_rate": 0.8031914893617021,
  "n_events_alarmed": 151,
  "p_value": 9.999000099990002e-05,
  "beats_chance": true,
  "permutation_seed": 42,
  "n_permutations": 10000,
  "corpus_id": "cap-narco2-kuramoto-variants",
  "captured_at": "2026-07-10T00:00:00Z",
  "audit_content_hash": "4d7f1d84f613cb1a72be645d6cc6b367dcc5f11263c8e452824dcfdc75dec4f9"
}
