{
  "detector_name": "adaptive_channel_kuramoto",
  "n_events": 197,
  "n_nulls": 143,
  "score_mean_events": 0.728472,
  "score_mean_nulls": 0.72288,
  "target_false_alarm": 0.1,
  "matched_threshold": 0.7913220000000001,
  "achieved_false_alarm": 0.0979020979020979,
  "detection_rate": 0.2233502538071066,
  "n_events_alarmed": 44,
  "p_value": 0.0023997600239976003,
  "beats_chance": true,
  "permutation_seed": 42,
  "n_permutations": 10000,
  "corpus_id": "regime-n2",
  "captured_at": "2026-07-10T00:00:00Z",
  "audit_content_hash": "617449a95952ccf323752750672927331b40b41f9c3a4e63ab9ca0ae6ca178ab"
}
