{
  "detector_name": "regime_adaptive_montage",
  "n_events": 197,
  "n_nulls": 143,
  "score_mean_events": 0.646038,
  "score_mean_nulls": 0.614799,
  "target_false_alarm": 0.1,
  "matched_threshold": 0.8145970000000001,
  "achieved_false_alarm": 0.0979020979020979,
  "detection_rate": 0.005076142131979695,
  "n_events_alarmed": 1,
  "p_value": 1.0,
  "beats_chance": false,
  "permutation_seed": 42,
  "n_permutations": 10000,
  "corpus_id": "regime-n2",
  "captured_at": "2026-07-10T00:00:00Z",
  "audit_content_hash": "a08f84a1efc67d71cf87f7c2362c438bc3fc0d7df2ce42580a4c99de52fc3ef1"
}
