{
  "detector_name": "snr_weighted_delta_kuramoto",
  "n_events": 188,
  "n_nulls": 180,
  "score_mean_events": 0.581111,
  "score_mean_nulls": 0.548885,
  "target_false_alarm": 0.1,
  "matched_threshold": 0.7588990000000001,
  "achieved_false_alarm": 0.1,
  "detection_rate": 0.21808510638297873,
  "n_events_alarmed": 41,
  "p_value": 0.0011998800119988001,
  "beats_chance": true,
  "permutation_seed": 42,
  "n_permutations": 10000,
  "corpus_id": "cap-narco2-multichannel-n3-vs-wake",
  "captured_at": "2026-07-08T22:00:00Z",
  "audit_content_hash": "8a579b39ebee1ad3319443ed765c8fe4bf504691fcf7508a8687802e6e0bc62e"
}
